from,to,status
/sensory-dream-mapper-decode-what-your-body-felt-while-you-slept/,/tools/oneirox-dream-mapper.html,301
/trying-to-control-something-that-keeps-slipping-the-psychology-of-the-vanishing-grip/,/,301
/the-spider-on-your-skin-when-the-boundary-between-you-and-something-else-dissolved/,/,301
/repeating-the-same-situation-again-and-again-the-psychology-of-the-behavioral-loop/,/,301
/dream-about-house-collapsing-when-what-youve-been-standing-on-can-no-longer-hold/,/,301
/the-childhood-home-dream-you-werent-going-back-you-were-checking-the-archive/,/,301
/the-security-audit-why-youre-dreaming-of-an-ex-while-in-a-happy-relationship/,/,301
/killing-the-spider-in-a-dream-two-very-different-versions-of-the-same-act/,/,301
/caught-in-the-web-in-a-dream-the-architecture-of-a-trap-you-didnt-choose/,/,301
/losing-balance-and-falling-repeatedly-the-psychology-of-life-instability/,/,301
/phone-not-working-when-you-need-it-the-psychology-of-disconnected-crisis/,/,301
/the-giant-spider-when-something-you-ignored-became-impossible-to-ignore/,/,301
/stuck-in-one-place-while-others-move-the-psychology-of-social-paralysis/,/,301
/sleep-paralysis-when-falling-asleep-vs-waking-up-two-different-states/,/,301
/the-baby-was-a-boy-the-baby-was-a-girl-why-the-gender-is-never-random/,/,301
/why-the-dead-visit-our-dreams-the-complete-guide-to-visitation-dreams/,/,301
/your-childhood-house-crumbling-into-the-sea-the-dissolution-of-origin/,/,301
/door-that-wont-open-no-matter-what-the-psychology-of-blocked-progress/,/,301
/why-do-dreams-feel-so-real-what-the-brain-does-to-make-it-convincing/,/,301
/the-black-spider-the-specific-dread-of-a-threat-you-cant-see-clearly/,/,301
/the-neutral-point-what-it-means-when-you-dont-want-them-in-the-dream/,/,301
/seeing-your-name-on-a-blank-gravestone-the-finality-of-the-unwritten/,/,301
/being-unable-to-stop-whats-happening-the-psychology-of-inevitability/,/,301
/time-moving-too-fast-to-control-the-psychology-of-temporal-collapse/,/,301
/why-do-i-keep-having-the-same-dream-what-recurrence-actually-means/,/,301
/someone-i-lost-appeared-in-my-dream-and-it-felt-too-real-to-ignore/,/,301
/the-silent-alarm-why-your-body-panics-when-they-return-in-a-dream/,/,301
/dream-about-life-changes-what-major-life-event-dreams-really-mean/,/,301
/walking-through-a-hospital-with-no-staff-the-systemic-abandonment/,/,301
/why-do-i-wake-up-at-3am-what-the-brain-is-actually-doing-at-that/,/,301
/dream-about-house-flooding-what-was-being-held-has-finally-moved/,/,301
/the-apology-simulation-when-the-dream-gives-what-reality-couldnt/,/,301
/dream-about-being-attacked-what-your-mind-sees-as-a-real-threat/,/,301
/dream-about-cat-attacking-you-when-what-you-trusted-had-an-edge/,/,301
/turning-into-a-statue-of-salt-or-stone-the-weight-of-stagnation/,/,301
/why-are-my-dreams-so-weird-the-neuroscience-of-strange-imagery/,/,301
/spiders-everywhere-in-a-dream-when-one-problem-became-a-system/,/,301
/when-the-spider-bites-in-a-dream-the-boundary-that-was-already/,/,301
/hands-not-obeying-you-the-psychology-of-instrumental-paralysis/,/,301
/why-we-dream-what-the-brain-is-actually-doing-while-you-sleep/,/,301
/a-spider-in-your-dream-what-the-brain-was-actually-processing/,/,301
/the-dream-where-theyre-alive-again-and-you-forget-theyre-gone/,/,301
/dream-about-ex-boyfriend-meaning-what-your-body-already-knows/,/,301
/dreams-about-body-health-what-your-body-is-trying-to-tell-you/,/,301
/dream-about-losing-control-meaning-the-structural-dissolution/,/,301
/why-cant-i-remember-my-dreams-the-memory-window-after-waking/,/,301
/dream-about-being-afraid-of-someone-you-know-what-it-reveals/,/,301
/dream-about-fear-with-no-reason-the-hidden-trigger-explained/,/,301
/what-does-it-mean-when-you-dream-about-your-partner-cheating/,/,301
/dream-about-losing-control-of-your-body-the-somatic-lockdown/,/,301
/dream-about-snake-wrapping-around-you-meaning-interpretation/,/,301
/dream-about-losing-control-when-your-mind-feels-overwhelmed/,/,301
/fighting-a-dead-version-of-yourself-the-autophagic-conflict/,/,301
/you-found-out-in-the-dream-what-that-moment-actually-means/,/,301
/dream-about-hiding-from-someone-fear-you-dont-want-to-face/,/,301
/dream-about-someone-chasing-you-this-fear-is-following-you/,/,301
/he-died-angry-at-me-why-does-he-look-peaceful-in-the-dream/,/,301
/the-3-second-rule-why-your-brain-simulates-an-ex-returning/,/,301
/being-the-last-person-in-a-dead-city-the-apex-of-isolation/,/,301
/sun-turning-black-over-your-career-the-eclipse-of-ambition/,/,301
/dream-symbols-and-their-spiritual-meanings-complete-guide/,/,301
/what-does-it-mean-when-you-dream-about-someone-repeatedly/,/,301
/why-you-keep-having-anxiety-dreams-and-why-they-dont-stop/,/,301
/the-miscarriage-dream-what-the-brain-is-actually-carrying/,/,301
/a-clock-moving-backward-rapidly-the-temporal-degeneration/,/,301
/trying-to-run-but-staying-in-place-the-kinetic-stagnation/,/,301
/why-are-my-dreams-so-vivid-the-neuroscience-of-intensity/,/,301
/dream-about-feeling-anxious-in-public-hidden-social-fear/,/,301
/dream-about-running-away-from-danger-what-youre-avoiding/,/,301
/the-house-on-fire-dream-what-burns-is-not-what-you-think/,/,301
/why-do-i-dream-about-someone-who-died-years-ago-suddenly/,/,301
/dream-about-all-teeth-falling-out-meaning-interpretation/,/,301
/dream-about-not-being-able-to-speak-the-vocal-extinction/,/,301
/dream-about-receiving-an-unexpected-inheritance-meaning/,/,301
/dream-about-being-naked-at-a-high-level-meeting-meaning/,/,301
/how-to-break-out-of-sleep-paralysis-what-actually-works/,/,301
/the-first-dream-after-loss-why-it-takes-so-long-to-come/,/,301
/they-died-two-years-ago-why-are-they-still-in-my-dreams/,/,301
/years-later-why-your-first-love-still-visits-your-sleep/,/,301
/the-risk-assessment-dream-when-their-return-feels-wrong/,/,301
/dream-about-finding-a-secret-room-in-your-house-meaning/,/,301
/body-moving-without-your-control-the-autonomic-takeover/,/,301
/dream-about-a-dog-barking-at-you-meaning-interpretation/,/,301
/dream-about-chaos-when-everything-feels-out-of-control/,/,301
/panic-attack-dreams-why-your-body-reacts-even-in-sleep/,/,301
/the-cheating-dream-why-your-brain-runs-this-simulation/,/,301
/dream-about-a-dog-attacking-you-meaning-interpretation/,/,301
/dream-about-snake-shedding-skin-meaning-interpretation/,/,301
/dream-about-snake-attacking-you-meaning-interpretation/,/,301
/dream-about-spitting-out-teeth-meaning-interpretation/,/,301
/rem-rebound-why-stopping-alcohol-makes-dreams-intense/,/,301
/dream-about-climbing-a-steep-glass-skyscraper-meaning/,/,301
/dream-about-giving-away-large-amounts-of-cash-meaning/,/,301
/dream-about-someone-watching-you-why-you-feel-exposed/,/,301
/my-best-friend-died-and-she-keeps-hugging-me-in-sleep/,/,301
/i-lost-someone-and-they-never-appear-in-my-dreams-why/,/,301
/dream-about-your-own-dog-dying-meaning-interpretation/,/,301
/dream-about-snake-in-your-path-meaning-interpretation/,/,301
/dream-about-someone-you-dont-talk-to-anymore-meaning/,/,301
/dream-about-buying-something-with-fake-money-meaning/,/,301
/dream-about-heart-racing-anxiety-your-body-cant-hide/,/,301
/dream-about-black-cat-the-presence-that-wont-be-read/,/,301
/dream-about-being-chased-by-someone-you-know-meaning/,/,301
/dreaming-that-everything-stops-responding-around-you/,/,301
/dream-about-a-dog-chasing-you-meaning-interpretation/,/,301
/dream-about-snake-chasing-you-meaning-interpretation/,/,301
/dream-about-being-robbed-in-your-own-office-meaning/,/,301
/dream-about-darkness-and-fear-the-unknown-you-avoid/,/,301
/dream-about-reconnecting-with-an-old-friend-meaning/,/,301
/screaming-but-no-sound-comes-out-the-soundless-void/,/,301
/dream-about-a-dog-biting-you-meaning-interpretation/,/,301
/dream-about-snake-biting-you-meaning-interpretation/,/,301
/dream-about-unable-to-pay-a-bill-in-public-meaning/,/,301
/dream-about-being-trapped-pressure-you-cant-escape/,/,301
/dream-about-not-being-able-to-run-the-kinetic-lock/,/,301
/dream-about-killing-a-snake-meaning-interpretation/,/,301
/what-does-it-mean-to-dream-about-someone-you-love/,/,301
/dream-about-an-empty-safe-or-broken-vault-meaning/,/,301
/dream-about-finding-old-coins-in-the-dirt-meaning/,/,301
/recurring-stress-dreams-why-they-keep-coming-back/,/,301
/why-your-dreams-feel-dangerous-and-out-of-control/,/,301
/why-do-i-dream-about-my-deceased-mother-or-father/,/,301
/dream-about-a-friendly-dog-meaning-interpretation/,/,301
/what-does-it-mean-when-you-dream-about-your-crush/,/,301
/dream-about-snake-in-water-meaning-interpretation/,/,301
/dream-about-snake-in-house-meaning-interpretation/,/,301
/dream-about-being-unprepared-for-an-exam-meaning/,/,301
/dream-about-overthinking-why-your-mind-wont-stop/,/,301
/dead-person-alive-but-silent-the-static-presence/,/,301
/dream-about-white-cat-what-is-now-fully-visible/,/,301
/my-mom-died-and-she-keeps-visiting-me-in-dreams/,/,301
/dream-about-being-late-the-temporal-compression/,/,301
/dreaming-about-someone-you-havent-seen-in-years/,/,301
/dream-about-snake-in-bed-meaning-interpretation/,/,301
/dream-about-yellow-snake-meaning-interpretation/,/,301
/dream-about-falling-from-office-window-meaning/,/,301
/what-does-it-mean-when-you-dream-about-someone/,/,301
/dream-about-white-snake-meaning-interpretation/,/,301
/dream-about-many-snakes-meaning-interpretation/,/,301
/dream-about-a-black-dog-meaning-interpretation/,/,301
/dream-about-teeth-falling-out-no-blood-meaning/,/,301
/dream-about-a-white-dog-meaning-interpretation/,/,301
/dream-about-a-stray-dog-meaning-interpretation/,/,301
/dream-about-baby-snakes-meaning-interpretation/,/,301
/dream-about-green-snake-meaning-interpretation/,/,301
/dream-about-black-snake-meaning-interpretation/,/,301
/dream-about-forgetting-everything-during-exam/,/,301
/your-house-in-dreams-is-never-just-a-building/,/,301
/they-died-but-in-the-dream-they-didnt-know-it/,/,301
/dream-about-two-snakes-meaning-interpretation/,/,301
/teeth-falling-out-with-no-blood-dream-meaning/,/,301
/dream-about-being-ignored-the-social-deletion/,/,301
/dream-about-dead-snake-meaning-interpretation/,/,301
/dream-about-writing-exam-in-unknown-language/,/,301
/why-do-i-keep-dreaming-about-the-same-person/,/,301
/dream-about-big-snake-meaning-interpretation/,/,301
/privacy-policy-the-vault-of-shadows/,/privacy/,301
/dream-about-getting-a-job-promotion-meaning/,/,301
/dream-about-cat-what-your-body-already-knew/,/,301
/when-someone-else-is-pregnant-in-your-dream/,/,301
/my-husband-died-and-he-wont-leave-my-dreams/,/,301
/dream-about-losing-someone-you-love-meaning/,/,301
/dream-about-unexpected-life-changes-meaning/,/,301
/dream-about-someone-confessing-love-meaning/,/,301
/dream-about-being-in-emergency-room-meaning/,/,301
/dream-about-being-late-for-an-exam-meaning/,/,301
/dream-about-failing-a-test-you-studied-for/,/,301
/my-partner-dreamed-i-cheated-what-it-means/,/,301
/cheating-dream-but-were-happy-in-real-life/,/,301
/my-baby-visits-me-in-dreams-is-this-normal/,/,301
/my-dad-came-to-me-in-a-dream-after-he-died/,/,301
/dream-about-major-decision-in-life-meaning/,/,301
/dream-about-not-being-able-to-move-meaning/,/,301
/dream-about-a-puppy-meaning-interpretation/,/,301
/dream-about-being-the-only-one-who-fails-2/,/,301
/dream-about-not-knowing-answers-in-a-test/,/,301
/dream-about-snakes-meaning-interpretation/,/,301
/cheating-dream-left-me-with-guilt-all-day/,/,301
/dream-about-moving-to-a-new-house-meaning/,/,301
/dream-about-going-to-the-hospital-meaning/,/,301
/dream-about-a-funeral-of-someone-you-know/,/,301
/dream-about-dead-relatives-talking-to-you/,/,301
/dream-about-repeating-the-same-exam-again/,/,301
/dream-about-being-caught-cheating-in-exam/,/,301
/dead-cat-dream-the-end-of-an-arrangement/,/,301
/someone-is-in-your-house-and-its-not-you/,/,301
/why-do-i-keep-dreaming-my-partner-cheats/,/,301
/dream-about-arguing-with-someone-meaning/,/,301
/being-pregnant-in-a-dream-when-youre-not/,/,301
/grandma-visited-me-in-a-dream-is-it-real/,/,301
/dream-about-death-of-a-loved-one-meaning/,/,301
/watching-your-own-funeral-from-the-crowd/,/,301
/dream-about-teeth-falling-out-with-blood/,/,301
/dream-about-someone-ignoring-you-meaning/,/,301
/dream-about-a-dog-meaning-interpretation/,/,301
/dream-about-running-out-of-time-in-exam/,/,301
/dream-about-winning-the-lottery-meaning/,/,301
/cat-in-your-house-it-was-already-inside/,/,301
/dream-about-someone-texting-you-meaning/,/,301
/dream-about-wedding-going-wrong-meaning/,/,301
/dreaming-about-someone-you-like-meaning/,/,301
/dream-about-someone-helping-you-meaning/,/,301
/dream-about-meeting-someone-new-meaning/,/,301
/dream-about-someone-apologizing-meaning/,/,301
/dream-about-losing-your-wallet-meaning/,/,301
/the-new-room-dream-it-was-always-there/,/,301
/dream-about-life-falling-apart-meaning/,/,301
/dream-about-starting-a-new-job-meaning/,/,301
/dream-about-cheating-on-a-test-meaning/,/,301
/dream-about-pulling-out-your-own-teeth/,/,301
/dream-about-teacher-watching-you-fail/,/,301
/dreaming-of-repeating-numbers-meaning/,/,301
/dream-about-money-and-success-meaning/,/,301
/why-do-i-keep-getting-sleep-paralysis/,/,301
/chest-pressure-during-sleep-paralysis/,/,301
/numbers-in-dreams-meaning-111-222-333/,/,301
/dream-about-internal-bleeding-meaning/,/,301
/dream-about-becoming-a-parent-meaning/,/,301
/taking-a-phone-call-from-the-deceased/,/,301
/dream-about-death-and-rebirth-meaning/,/,301
/dream-about-blank-exam-paper-meaning/,/,301
/kitten-the-asymmetry-you-said-yes-to/,/,301
/dream-about-being-chased-by-a-killer/,/,301
/dream-about-failing-an-exam-meaning/,/,301
/dream-about-missing-an-exam-meaning/,/,301
/falling-from-a-height-dream-meaning/,/,301
/dream-about-losing-your-job-meaning/,/,301
/dream-about-getting-married-meaning/,/,301
/dream-about-serious-illness-meaning/,/,301
/dream-about-classroom-you-cant-find/,/,301
/dream-about-kissing-someone-meaning/,/,301
/dream-about-hugging-someone-meaning/,/,301
/dream-about-buying-a-house-meaning/,/,301
/dream-about-being-pregnant-meaning/,/,301
/dream-about-vomiting-blood-meaning/,/,301
/dream-about-not-finishing-the-exam/,/,301
/dream-about-writing-wrong-answers/,/,301
/dream-about-someone-dying-meaning/,/,301
/dream-about-counting-cash-meaning/,/,301
/dreaming-your-partner-is-cheating/,/,301
/i-dreamed-i-cheated-on-my-partner/,/,301
/dream-about-having-a-baby-meaning/,/,301
/vomiting-diamonds-or-broken-glass/,/,301
/dream-about-physical-pain-meaning/,/,301
/being-watched-but-unable-to-react/,/,301
/dream-about-finding-gold-meaning/,/,301
/why-do-i-dream-about-my-deceased/,/,301
/skin-peeling-off-to-reveal-metal/,/,301
/dream-about-losing-teeth-meaning/,/,301
/dream-about-doctor-visit-meaning/,/,301
/dream-about-broken-bones-meaning/,/,301
/teeth-breaking-in-dream-meaning/,/,301
/the-presence-in-sleep-paralysis/,/,301
/dream-about-cheating-with-an-ex/,/,301
/dream-about-head-injury-meaning/,/,301
/dream-about-a-dog-in-your-house/,/,301
/dream-about-graduation-meaning/,/,301
/dreaming-about-your-ex-meaning/,/,301
/dream-about-being-sick-meaning/,/,301
/buried-alive-in-a-glass-coffin/,/,301
/category-sitemap.xml,/sitemap.xml,301
/teeth-crumbling-dream-meaning/,/,301
/clear-water-in-dreams-meaning/,/,301
/sleep-paralysis-dream-meaning/,/,301
/sleep-paralysis-shadow-figure/,/,301
/giving-birth-to-a-dead-object/,/,301
/dream-about-losing-exam-paper/,/,301
/dream-about-sleeping-with-ex/,/,301
/dream-about-bleeding-meaning/,/,301
/dream-about-exam-results-bad/,/,301
/author-sitemap.xml,/sitemap.xml,301
/drowning-in-a-dream-meaning/,/,301
/dreaming-about-giving-birth/,/,301
/dream-about-breakup-meaning/,/,301
/dream-about-divorce-meaning/,/,301
/dream-about-surgery-meaning/,/,301
/dream-about-someone-meaning/,/,301
/sitemap_index.xml,/sitemap.xml,301
/our-philosophy/,/methodology/,301
/dream-about-ex-coming-back/,/,301
/dream-about-injury-meaning/,/,301
/dream-about-your-own-death/,/,301
/post-sitemap.xml,/sitemap.xml,301
/page-sitemap.xml,/sitemap.xml,301
/main-sitemap.xsl,/sitemap.xml,301
/dirty-water-dream-meaning/,/,301
/dream-about-losing-a-baby/,/,301
/dream-about-teeth-rotting/,/,301
/dream-about-ex-girlfriend/,/,301
/dream-about-being-chased/,/,301
/dream-about-saving-a-dog/,/,301
/death-in-dreams-meaning/,/,301
/fear-and-anxiety-dreams/,/,301
/dream-about-a-dog-dying/,/,301
/water-in-dreams-meaning/,/,301
/falling-dream-meaning/,/,301
/terms-of-use/,/terms/,301
/comments/feed/,/,301
/wp-login.php,/,301
/xmlrpc.php,/,301
/feed/,/,301
/author/*,/about/,301
/category/*,/,301
/wp-admin/*,/,301
/page/*,/,301
/feed/*,/,301
/tag/*,/,301
